name,key
<U>,0
Agurin,1
Mountain Wolf,2
Razørk Activoo,3
SPKTRA,4
Built,5
FEB1VEN,6
DEMONHUMAN,7
zyb,8
MagiFelix5,9
LEC ZYZZ,10
Yoichi Išagi,11
Kalista,12
Don Noway,13
FIeshy,14
Ttv Lathyrus,15
OnlySpain,16
Thørs Snorresson,17
Stormaxx,18
Angel ôf Death,19
Hεy lol,20
fKing Sinerias,21
Szygenda,22
Mr Tickle,23
school phobia,24
Voidfiller LFT,25
HenryEtooMessi,26
LiL TommyG,27
be like mike23,28
Peng04,29
MetroArcher,30
AHaHaCiK,31
SHERNFlRE,32
Flying Colors,33
VELJA THE MENACE,34
Noa Ehn,35
one sip please,36
Targamas,37
23021930219,38
BSC Coldraa,39
call of power,40
FUN k3y,41
ismaaa1,42
Emerald Dragon,43
zhypey,44
pocovirtuoso,45
Yikeru,46
abcdefghijklmnoz,47
TakeSet sama,48
LeBron The Xuy,49
BlauBarschBube,50
SK Alois,51
Iziio,52
im so Iost,53
ismααα,54
Sarub,55
HOARAH LOUX Z,56
Skeanz,57
Fleshy2,58
BiIly Butcher,59
Dzu,60
qweqweqweq,61
Zaremba,62
TTV Regn,63
PatkicaA,64
elramir 2,65
Tοαst,66
olaksfhijdf,67
Retnyam,68
Finn1,69
gunshotgun,70
Rayito,71
Keduii R1,72
Twitter Enemy,73
Barkoon,74
Ràion,75
Odysseus131,76
DRX BuZz,77
supaaaaaaaaaaaaa,78
Dragdar,79
SUPPORT KlNG,80
be like yike11,81
Lathyrus,82
Thumbs Down,83
Maxlore,84
Engage,85
RabbIe Arouser,86
ΜagiFelix5,87
Kusa o Miko,88
Drututt,89
FFDP,90
Peng Mid,91
WD Mozart,92
Neekos Panties,93
SLY Stealbag,94
Maynter,95
BROHAN,96
TW Ronges1,97
Nash3,98
avarice61,99
Nillee,100
Shinomiya Kaguya,101
RANGED SUP NPC,102
twtv rinanb,103
Kirei sama,104
EINS Pride,105
Happy Alexx,106
bob lelectricien,107
Ł354,108
Tore den store,109
echo22,110
she a bit loco,111
Neramin1,112
Deft uwu,113
noname qaq,114
LFT Kamiloo ,115
Shαwn Frost,116
Porsche Kaymin S,117
ÐRX Zeka,118
SLEYERCOOL,119
Cboi1,120
FaithXD,121
Sorya,122
Lekcycc,123
TempUser,124
TwTv Kaos Angel,125
buff tοp,126
Kenal,127
Nash2,128
idaneG,129
Practice,130
Ghosting Gary,131
RhiIech,132
WORLDS2023,133
Ryunoa Zoro,134
WiIIyrex Fanboy,135
indoor fish,136
T0R3,137
sussy topIaner,138
Morfariusss,139
Liloup,140
 empty cup blw,141
SPOLFCEI,142
Kaor1,143
Jαvier,144
Saviour to rank1,145
small pp lunddy,146
Qnoxs,147
xKenzuke,148
Σ MORØSE,149
wοkeupIikethis,150
Playboi D4nKa,151
miserable00,152
Pyrkã,153
Maciej Zaremba,154
Selim Bradley  º,155
toplane brecha,156
SeRîN,157
TraYtoN,158
Sexelent,159
SWE131,160
B Ζ,161
Maître kebabier2,162
Aítana Øcaña,163
IlIIllllIlIlIl,164
SWE141,165
NattyNatt,166
twtv fiercefox15,167
tsuneo1,168
Break Fate,169
nicki minaj lol,170
LE CACA PARTOUT,171
elegancko,172
Aesenar,173
Ryuin,174
2023thief,175
Disabled Chattt,176
Afrogirl,177
ayekasia,178
Hadeslol,179
120 KG BENCH,180
ottıe,181
sindrelolpro2345,182
eu top1,183
its never fair,184
DizL1,185
10092022,186
Rozpier,187
Mαster Oogwαy,188
month of rain,189
RaiderGO,190
f3ed l0rd,191
tuopop allyf,192
Calmsky,193
Furuy,194
HungryΡanda,195
PokéMart,196
eskíí,197
Raiju Son Hak,198
SlNGED,199
Benn Beckman4,200
Buccellati,201
FΙGHT,202
G2 Princess Supp,203
ED Xagog,204
Okkotsù,205
pls ff pigs,206
LeFrèreDuCrous,207
Mutant Grzegorz ,208
CONAN VARVARINA,209
ΒeryL,210
Badlulu00,211
Thats a shame,212
TWITCHTV suki545,213
Alan234,214
xPetu,215
Beanovich,216
Boring cycle0,217
dark thοughts,218
Fatihcan,219
goodbye summer,220
Nice Guy Ben,221
Baby Tarz1,222
Kikis,223
Envy Carry,224
Obsess,225
EL RONRONS,226
Mamacitaaaa,227
prenda lo motore,228
can win no chat,229
XixauxasGrandson,230
Ekko the Neeko,231
ssimpli,232
Scotty Valens,233
frescus,234
azerty1,235
Cast,236
WindLoL,237
ide na kórwy,238
esuba thale,239
USE Reptile,240
DIA Shy Carry,241
OCZYBOLĄODGRANIA,242
Koearn kid,243
Jeyrus,244
Jagt,245
Ox Caliste ,246
SPKTR,247
Tαkumi Fujiwara,248
Saviour LFT,249
Kieran Tierney,250
ddgodV2,251
hayna,252
dejan1,253
Nightmares,254
TTV Poliko,255
chenzelot,256
TwTv iljimaeLoL,257
V222,258
Adison997,259
LVP SUPPKING,260
FGG,261
IREIKlNG,262
Coatpustmain,263
Unméi,264
Rαfikowy666,265
MazeRunner0xFF,266
motus vetiti,267
asdsadasadsdas,268
424PHL,269
Misanthiel,270
Kakan,271
Adam Smαsher,272
Vhagar v2,273
Jυnk Dog,274
wo taoyan suiji,275
Wufo9,276
Oblivion Blade,277
TwTv Scripter1v9,278
999DHVS,279
septico1,280
DRX ZeKaymin,281
unforgiven1111,282
Quinncidence,283
Pelloquin,284
wx PaoPaoPW,285
ThePowerOfDevil,286
LP750 4 SV,287
Seelame v1,288
Ehrenstein,289
Deádly,290
DuαLL,291
i die lvl3,292
invicta23,293
sheøqlf,294
Tazaku,295
TheRoyalKanin,296
Kim Sang Hoon,297
KE Palacsinta,298
MartHR1,299
ESBSajator285,300
2024thief,301
pipey,302
LFL SUPPKING,303
AØH,304
Kobbe,305
Buff Delayer,306
Veignorem,307
651818520,308
Satoru Gojo03,309
REAL BC ,310
dm me cat pic,311
Vιbe,312
DIV Luke,313
TTV Potent213,314
CzekøChad,315
SmurfWithHarambe,316
DCN,317
xFlavour4youGirl,318
TIKY FAN ACC,319
TwTv TenshiMid,320
snus on cd,321
CT 9904,322
Rick Brick Dick ,323
NATAQAQ,324
VeigarV2SmurfAcc,325
FLY toucouille,326
Foutriquet,327
costy,328
Thebigestnoob1,329
XYΖ,330
Pipibaat Yarr,331
GPUQSXMH,332
Heavenly Scars,333
KHK TLamp,334
Filet 0 Fish,335
nifcpmzzv,336
Xixauxas,337
Puncture Wille,338
MEGAZORD XERSUS7,339
Kiszee,340
IIIIIlllIIIIIIII,341
PaxNoKo,342
Patrik22,343
Tanu2,344
T1 18 0,345
dasdqwr2,346
Mιstake,347
SAAKEN,348
FαkeTaxi,349
bugatti twitch1,350
Canam,351
Sign 2,352
Bäby Rekkles,353
eIramir,354
Saucer Doom,355
RuxalXIII,356
Boukada,357
GS Andariel,358
RELATIVEE,359
RRRift,360
TTV suki545,361
DZIK minemaciek,362
xayah rakan,363
Tmonrein Mental,364
Underworld Judge,365
PsychoBreakdown,366
τoτ,367
youtube DETDERT,368
Jopa1,369
Wulajt,370
nafkelah4,371
busdriver47,372
DB Coοper,373
Xu Linsen,374
sootrebor,375
Guarding You,376
Zevvet,377
just a thing,378
ArcaneTeddy,379
ACD,380
Nunu,381
Seminol,382
20121963,383
Kongo TV Dzicz,384
Nubobo,385
defying fate,386
la Quinqui,387
Hanterα,388
Giraffatitan,389
KARELIASABUSER69,390
WAITING 2023,391
EU Kanavi,392
snmvk mid acc,393
Tanu,394
ko stana e,395
Joinze PXXL,396
ITS LOSER QUEUE,397
Sakulechat,398
XABIERZ,399
sseveruss,400
Mhe Tlind Bonk,401
SGE YOU WERE,402
ELOMAN7,403
tasm321,404
15 02 2022,405
INDD,406
Mister Freaky,407
Vizícsacsi,408
DKB Senceless,409
MOUZ Lyncas,410
WeAz SoRya,411
homielander,412
Palacsinta2,413
XÐDDDDDDD,414
Bark,415
Stack Collector,416
Thaygod,417
Ohne Liebe,418
AfrogirI,419
bluerzor,420
Krau,421
Project D Vespa,422
NUKESSS,423
Pride0,424
AZIZ SHAVERSHlAN,425
TwTv Nomilol,426
honor honor,427
askance,428
jkjkjkjkjkjkj,429
GOREDRINKER HAHA,430
KoKo Fanboy,431
zimba int acc,432
Confident1,433
Incandescence33,434
3rd place king,435
madovan roravec,436
DBE Devn,437
Roıson,438
TianCaiMeiShaoNü,439
SLY Myrtus,440
Pelloquin3,441
darkchri99,442
La Diferencia,443
Petoska,444
XÐDDDDDD,445
Just an engineer,446
Sejuani,447
Circo Loco,448
Xiu4zQAQ,449
Killua ZoIdyck K,450
PARUS 2,451
Kehvo,452
Tiktok Slider OP,453
carpetgrower33,454
lmmerAmSaufen,455
marathons runner,456
ImJony,457
BuiIt,458
EDG SCαυTω,459
Phosphophylite,460
Banderas,461
DenSygeKamel69,462
EVERYTHINGOR2023,463
Luroxx,464
Jesklaa,465
Koupfonga,466
Airobloodovskiy,467
Zimba1,468
Infoneral,469
el tiburón,470
Skreaaam,471
Go Ha Go Ha,472
Whole Lot,473
brexit gaffer,474
MonkWillCarry,475
AttackFight,476
Blade40,477
Yuros,478
Zyb Who,479
speed of life,480
twtv usmex72,481
Obstinatus,482
Gilius2,483
TripleairsignBi,484
Rin Itoshi0,485
tech movement,486
Venour,487
Sigma Dunks,488
a lost tuokaZ,489
DJ diaki,490
TMAX VROUM VROUM,491
Bıbou,492
Molnigt,493
Anathan Pham,494
Namex,495
vendeta amfeta,496
τimε τº ﬂºªt,497
TTV White Lotus,498
Makkro,499
G2 Egirls,500
love your smile3,501
A41G Xoura,502
FRESZYK,503
Drαchun,504
napο,505
4tukano4,506
can win zzz,507
Po Gap V2,508
Mishek,509
zafccp,510
LFT JNG,511
nafkelah1,512
snmvk,513
Bebe Rexhå,514
il0v3c0c41n3,515
indimandi,516
Edgerunner jokaa,517
WhiteKnight108,518
OSV Goldenpenny,519
SUN GOD NIKA1,520
V l N X,521
koreanspy1,522
stateofemergency,523
Tollkühn,524
Moog Maan,525
tibor,526
Blutwächter,527
Domaın Expansion,528
SSO Axel,529
2025 enjoyer,530
GANGSTA AMUMU,531
ykh,532
SUBSTANTIAL ,533
HMPeiWan WindNa,534
Baima Wangzi,535
Ukazat,536
Lari,537
Briefcase Man,538
Triple H,539
StrandTent,540
meistro,541
V eaRyz,542
RAM IRL L9,543
Xerxail high acc,544
iLL CHAKIB XDDDD,545
UnlookyPoopy,546
Frαnk Castle,547
iljimae9,548
faker baIIsack,549
supercup winner,550
Chowlee,551
Zitrustee,552
ΜaIice,553
I love Latinas,554
rm030,555
twitch SAMMU,556
FTW NOMA,557
Lοthric,558
FBX Kallesyn ,559
Trevor BeImont,560
Pelloquin2,561
Moshy is unlucky,562
eSuba King,563
TwTv Odysseus131,564
OniiKhan,565
WeiZoR,566
Rychly,567
never retreat,568
VININE Rafe,569
Fozzyfoster,570
Suirotas,571
luca the hopeful,572
Iove jayce,573
Ryazaki1,574
FABFABFAB,575
AST Chrisberg,576
NHWK,577
DONT GET C,578
skygge kriger,579
IIIlIllIIIllIll,580
broken mauki,581
445e Nuît,582
MAD Card0netti,583
H0rnlime,584
Sebeks,585
I WANT BE COACH,586
G2 Knight,587
Winter1z,588
Raysør,589
x4T7,590
Plumbèr,591
gdgd,592
Kassadin Mami,593
Jojonet,594
CZAT WYŁONCZONY,595
Destï,596
got inted1,597
Hellish Kitten,598
twtv regn,599
Kekseres,600
F E N Z 1 X,601
its not over,602
snail xD,603
selenex,604
TWITCHPeberJack,605
ION Marrow Ooze,606
Anη,607
Ploxy,608
SPLAAAAAAAASH,609
lDemexl,610
SLQ Buzgej,611
Brunette wuw,612
RekSaiyajin,613
Braccus Rexx,614
Fαllεn 1,615
Fαllεn 3,616
XWogen,617
jegfårhovedpine,618
HOLLOW KNlGHT ,619
Πout,620
MBS1,621
TheRuneLoL,622
Iκιωι,623
Kritias,624
artistic turtle,625
AD LFT,626
keia,627
Ryuujin Jakkâ,628
KILL ME MAKIMAAA,629
Enchanters xd,630
look around ted ,631
Dr Chaos,632
Indìgo Night,633
DY Stend,634
FenziB,635
Aetinoth,636
Sssuperset,637
Born Nerfed,638
IDRNKURMILKSHAKE,639
Þyke Mid,640
Frezzer,641
FADEW4CN,642
Helpful Slipper,643
Tamactî Jun,644
broeki smurf,645
Biertje,646
z1z2z3,647
Lord Dinger,648
ViV Mano,649
ReldiK,650
gun8952,651
Scorth2,652
MCSG,653
EWS Key,654
twitchtv SAMMU,655
nienawidze zycia,656
MANATY NO CHAT,657
grassblower35,658
lIIllIlllIIllllI,659
RΟYΑL,660
Youre not my dad,661
skavirkeligskide,662
chall fingers69,663
Zhangsid,664
Der Walzer ,665
1 H4V3 C4NC3R,666
Serendrip,667
Eau distillée,668
El Bolas co,669
LEC ADC 2024,670
Focus1,671
Master of Shabs,672
g4444ming6,673
send thigh pics,674
abagnale1,675
SZN Azafolk,676
cant enjoy this,677
Modern Life,678
AyAYæy,679
plenty to give,680
sof,681
Hatrixx,682
Hêrmès ,683
Goblin66,684
Frozen int acc,685
DRX Dom1nant,686
death ends,687
LFT SHIHAN5,688
CallMeTristesse,689
TheDisconnect,690
SERVE THE BEAST,691
BlGMAC MAKER,692
Lurox,693
aarshen,694
Fαllεn 4,695
AOE F1ST1NG,696
in lieu thereof,697
keKWbap,698
Αrt The Clοwn,699
FSZ,700
udn,701
DV1 PolskiKoz,702
BTC NuQ,703
garenlolol,704
LbISAYA BASHKA,705
lalalalalalaaala,706
Hyweedri,707
Endless v4,708
Scorth,709
15yo smurf,710
Fressko,711
Its Gary Snail,712
HoIyPhoenîx,713
FlayLoL,714
Dekap,715
ad895091,716
Regostern,717
dibu2,718
DΙVA,719
pleroma chronou,720
PRDD,721
zhong du le ,722
FattyP,723
pusho,724
424424424,725
V Matiaslaclasse,726
Orion070422,727
coldxn,728
lordnabos,729
Crakan,730
LDLC Eika,731
RXBXCXP,732
Quintero22,733
jg diff victim,734
Wrongo,735
Invade Red lv 1,736
BOMK1YANER,737
Dámx,738
wings to fly,739
closed casket,740
Snow Lion,741
Jinpαchi Ego,742
ZWYRR1,743
Matsahlam,744
Zueb,745
LFT MID,746
xracer022,747
sparapaw,748
Boltox,749
Tied down kitten,750
HIVE Justlntime,751
SPEEDOBEAR,752
Stay in the now,753
Andolos,754
Cuboño,755
L9 ELOGORMIT,756
1timecomming,757
Alcohol,758
Demon Lοrd,759
Suspect Shinobi,760
How can i care,761
bojji,762
SkuDeez Nuts,763
R3j3ct,764
STAAANGEEEEN,765
L352,766
finnry int acc,767
Urek Mαzino,768
Midgard Phoenix,769
LFT Woden,770
TurboMoss,771
420EbishSlayer,772
UNKN0WN5,773
The Intventor,774
TOG qLibali,775
LVPWaitingRoom,776
Baloongen,777
asleepy,778
i wanna dream,779
William4,780
Dave Norton,781
ŚCIERWOJADXD,782
BuFuNianShaoo,783
catshouldntsmoke,784
Godzilla,785
CaYouTop,786
COCONUT MILK,787
asdfghjqwert,788
kìtu,789
Wardstone Wadid,790
ComboScriptXD,791
GRFFTH,792
SatØrius,793
TwTv skaarlmarxo,794
2024bershka,795
hand pet big dog,796
Eskakick,797
Batuuu,798
T1 Dom1nant,799
Composites,800
Ejdercan,801
69lpPeaker,802
Warizar,803
Bradidjew,804
Curling Captain,805
Rodolfo El Buzo,806
Dancing Detlef,807
E ok scalam,808
Reu,809
kiryú,810
KhouJin,811
stoic densi,812
MIDΚΙNG,813
Shubber,814
Arabian Princess,815
Delitto,816
Nøaah,817
Azyrite,818
AGR1,819
51085210930,820
Retznash,821
Pyra Bzz Bzz,822
Catrα,823
gala3,824
Filou la malice,825
Jordæn,826
Baxe,827
import warrior,828
EauDeJouvence,829
Scarlet Rose,830
BizGG,831
DIV zlaksd,832
Viel Glüück,833
yoyou mei,834
200 SAKUYA,835
500g Spaghetti,836
rayndex33,837
fightingg,838
Svelander,839
Tobi4,840
Jordan Trace,841
da go lapa6,842
FACE FARTER 44,843
silkysmath,844
ShIatan,845
Emiw,846
Ariscy,847
Pls 404 Riven,848
UItraInstinctTop,849
SuperiorXemnas,850
Garasharlia,851
spaghetti bud,852
i am flawed,853
FrostSize,854
Lofti,855
LΣNNY,856
Road2Narnia,857
SirVicta,858
Coaching Lion,859
top1910,860
Remix iwnl,861
Daito Okami,862
Opossos,863
JuJuTw0,864
Ultimatetrix,865
Naive Smol Kid,866
bestie,867
Elkkinox,868
Nelun,869
reksai kitten,870
LegendRX,871
why she so loco,872
NPC mid,873
Atrocious Angel,874
Sebekx,875
rly nice,876
MywTheKebabier,877
Spear Shot,878
DZIK svns,879
Apelka,880
Foxfpx1,881
UFF Sayna,882
J3rkie,883
TeaZing,884
Apoooh,885
small pp sn1lle,886
EU Prince,887
trust nothing,888
Byczak,889
twjnnehzt,890
Wuljam,891
Aurien,892
Polish LeBron,893
TypicaI,894
1591,895
PoIish LeBron,896
Husum,897
UNREFOPALISRMED,898
INTOXICATED48,899
rongea,900
Murabito B,901
tempwygciybpjfhp,902
Past tense,903
Μaνe,904
GG Sir,905
EpicEnderdragon,906
dejfDawid1,907
CraneLoL,908
LFT Strey,909
AdaszOnion,910
Chungmire,911
Nijhuis,912
Subbex,913
TEST ACC 123321,914
7 day chall,915
ψτροφήψ,916
Madrid1st,917
xìng fú,918
Travi,919
RΛNÐΦM,920
no chat ad,921
veryveryfast,922
ayy come ere,923
102392109,924
Hotel Alabama,925
Noksu,926
Hyukao,927
MTP Saxuralle,928
derfiddler,929
the Scubadiver,930
Skaterot,931
bbchungus,932
CAR ALEXANDAR,933
42 nitrowastaken,934
ZuZweit,935
Glentholasha,936
Mikkel,937
Κuzu,938
Blazen,939
Kittxnly,940
LoveYouLife,941
shend help pls,942
ErIing HaaIand 9,943
JeppeHou,944
ECO Davy,945
TheGugaJeans,946
Pehrson,947
we all crave,948
G2 Jean Cosse,949
Taxer,950
Paladin2,951
MichaeI ScofieId,952
Bad At Nami,953
Elyoya Jr,954
Eskiper,955
KIT GentlmanHero,956
twitchtvELOSANTA,957
Tsiperakos,958
Golem printer,959
Weakside Rebel,960
InfamousKindred,961
REVIENS A KONOHA,962
123156723123,963
Xièchén,964
Maikokoro,965
Dragoo,966
Erolle,967
LST Noxus,968
Fooneses,969
Lukecsx,970
CN TOP TITAN,971
Freche Gosch,972
Big Klisode,973
LOSEEVERYMATCHUP,974
TyIer Herro,975
Loc Emiel,976
Akunamatatah,977
fantomisto,978
Sorest,979
IvanDragovic,980
deniz skarner,981
El Rubos co,982
Helix,983
BestCzechJungler,984
denjidenjidenji,985
Gusuo,986
The Chase Begins,987
Best Male Nurse ,988
HAPPYLOOPY,989
UVCHZBMGNN,990
Donttake,991
Træstammen,992
N0TRétaardeédTBH,993
lets get itt,994
Don Arts,995
Domevch,996
pump0,997
Betongmisch Gary,998
Kevin Pearson,999
TheAfricanDream,1000
